Proff0,CMP
Proff1,VGP
Proff2,PTN
Proff3,VSL
Proff4,PDV
Proff5,ANY
Proff6,PWR
Proff7,RJS
Proff8,DVD
Proff9,SMW
Proff10,NBD
Proff11,PRN
Proff12,DYL
Proff13,VSM
Proff14,SDT
Proff15,MRN
Proff16,KSY
Proff17,SNT
Proff18,SDK
Proff19,NGR
Proff20,VMB
Proff21,VDS
Proff22,ASP
Proff23,VRM
Proff24,PDB
Proff25,SJT
Proff26,STN
Proff27,DVS
Proff28,DVY
Proff29,NON
Proff30,SDV
Proff31,SDY
Proff32,SDS
Proff33,SDR
Proff34,SDN
Proff35,SDM
Proff36,SDP
Proff37,HEL
Proff38,WEL
Proff39,ABC
Proff40,XYZ
Proff41,PYQ
Proff42,LMN
Proff43,DEF
Proff44,JKL
Proff45,UVW
Proff46,OPQ
Proff47,STU
Proff48,FGH
Proff49,HIJ
Proff50,ABD
Proff51,ABE
Proff52,ABF
Proff53,ABG
Proff54,ABH
Proff55,ABI
Proff56,ABJ
